SHOW,STAR,,,,,,,,
ADVENTURES BY MORSE,Elliott Lewis,David Ellis,Russell Thorson,,,,,,
ARTHUR C. CLARKE'S WORLD OF SCIENCE FICTION,William Ruston,Hewell Bennett,,,,,,,
THE AVENGER,James Monks,Dick Janiver,,,,,,,
AVALON TIME,Red Skelton,Red Foley,Edna Stilwell,,,,,,
ALVINO REY- MAXINE GRAY SHOW,Alvino Rey,Maxine Gray,,,,,,,
THE ANDREWS SISTERS,The Andrews Sisters,Curt Massey,,,,,,,
THE ALAN YOUNG SHOW,Jean Gillespie,Ed Begley,Jim Backus,Diane Courtney,,,,,
THE STORY OF AUNT MARY,Jane Morgan,Fred Howard,Jane Webb,Douglas Mead,Patrick,,,,
AMOS AND ANDY,Freman Gosden,Charles Correll, Ernestine Wade,Amanda,,,,,
THE ABBOTT AND COSTELLO SHOW,Bud Abbott,Lou Costello,,,,,,,
THE AMAZING MR. MALONE,George Petrie,,,,,,,,
THE AMAZING MR. TUTT,Will Wright,John Beal,,,,,,,
THE ABE BURROWS SHOW,Abe Burrows,,,,,,,,
ACTION EIGHTY,William Conrad,Larry Dobkin,Ed Begley,,,,,,
ADVENTURE,Douglas Fairbanks Jr.,,,,,,,,
ADVENTURE INCORPORATED,Frank Graham,,,,,,,,
THE AL PEARCE SHOW,Al Pierce,,,,,,,,
ALL STAR WESTERN THEATER,Foy Willing,Tex Ritter,,,,,,,
THE ALADDIN KEROSENE MANTLE LAMP PROGRAM,Andy Walker,,,,,,,,
AT HOME WITH THE CRABTREES,Verna Felton,Joe Kerns,Jim Backus,,,,,,
AT YOUR REQUEST,Boyd Smith,Fred Casper,,,,,,,
ABC MYSTERY TIME,Mason Adams,,,,,,,,
AFRS RANCH HOUSE PARTY,Ken Curtis,Foy Willing,,,,,,,
ADVENTURES IN RHYTHM,Alvino Rey,Betty Jane Rhodes,,,,,,,
BROADWAY’S MY BEAT,Larry Thor,,,,,,,,
THE BOB HOPE SHOW,Bob Hope,,,,,,,,
BOSTON BLACKIE,Chester Morris,,,,,,,,
BRIGHT STAR,Irene Dunne,Fred MacMurray,,,,,,,
THE BLUE BEETLE,Frank Lovejoy,,,,,,,,
BARREL OF FUN,Charlie Ruggles,Benny Rubin,Verna Felton,,,,,,
THE BIG GUY,John Calvin,David Anderson,Joan Laser,,,,,,
THE BLACK BOOK,Paul Frees,,,,,,,,
BLACKSTONE THE MAGIC DETECTIVE,Ed Jerom,,,,,,,,
BRING ‘EM BACK ALIVE, Buck,,,,,,,,
THE BEATRICE KAYE SHOW,Beatrice Kaye,,,,,,,,
THE BICKERSONS,Francis Langford,Lew Parker,,,,,,,
BABY ROSE MARIE SHOW,Rose Marie Curley,,,,,,,,
THE BEULAH SHOW,Amanda Randolph,Hugh Studebaker,Mary Jane Croft,Ruby Dandridge,Ernie Whitman,Sammie Ogg,,,
BLONDIE,Penny Singleton,Arthur Lake,,,,,,,
BOLD VENTURE,Humphrey Bogart,Lauren Bacal,,,,,,,
BIG TOWN,Edward Pawley,Fran Carlon,Robert Dryden,,,,,,
THE BABY SNOOKS SHOW,Fanny Bryce,Hanley Stafford,,,,,,,
THE BOB AND RAY SHOW,Bob Elliot,Ray Goulding,,,,,,,
THE BOB BURNS PROGRAM,Bob Burns,,,,,,,,
BAKER’S BREAD PROGRAM,Tony Martin,Bert Lahr,Linda Ware,,,,,,
THE BEN BERNIE SHOW,Ben Bernie,,,,,,,,
BIG JIM MC LAIN,Jim Arness,,,,,,,,
THE BILLY GRAY BANDBOX,Billy Gray,,,,,,,,
BLACK HOOD,Scott Douglas,,,,,,,,
BLUE RIBBON TOWN,Kenny Baker,,,,,,,,
BOB AND VICTORIA,Bob Bailey,,,,,,,,
THE BOB CROSBY SHOW,Bob Crosby ,The Town Criers,Jeri Sullivan,Bob Crosby and The Bobcats,,,,,
THE BOB SMITH SHOW,Bob Smith,,,,,,,,
THE STORY OF BUD BARTON,Dick Holland,,,,,,,,
BULLDOG DRUMMOND,Ned Wever,,,,,,,,
THE BIG TIME,Georgie Price,Georgie Price and the Big Timers,,,,,,,
BY POPULAR DEMAND,Mary Small,Harry Babbitt,,,,,,,
THE BAKER’S BROADCAST,Harriet Hilliard,Ozzie Nelson,,,,,,,
BOB CARLETON SHOW,Bob Carleton,The Gene Plummer Quartet,,,,,,,
BOB POOLE SHOW,Bob Poole,,,,,,,,
BOYD RAEBURN SHOW,Boyd Raeburn,Ginny Powell,,,,,,,
ADVENTURES OF BILL LANCE,Gerald Mohr,Howard McNear,,,,,,,
BACHELOR’S CHILDREN,Olan Soule,Patricia Dunlap,,,,,,,
BARRY WOOD SHOW,Barry Wood,Margaret Whiting,The Melody Maids,,,,,,
THE CLOCK,Elliott Lewis,Cathy Lewis,,,,,,,
CALIFORNIA MELODIES,Maxine Gray,Art Tatum,,,,,,,
A CASE FOR DR. MORELLE,Cecil Parker,Shiela Simms,,,,,,,
CHANDU  THE MAGICIAN,Gayne Whiteman,Margaret MacDonald,Bob Bixby,Betty Webb,,,,,
THE CLYDE BEATTY SHOW,Vic Perrin,Eve McVeagh,,,,,,,
CHICK CARTER - BOY DETECTIVE,Bill Lipton,Leon Janney,,,,,,,
THE CISCO KID,Jack Mather,Harry Lang,,,,,,,
CURTAIN TIME,Nanette Sargent,Mike Wallace,Harry Elders,,,,,,
CASEY  CRIME PHOTOGRAPHER,Stats Cotsworth,,,,,,,,
CANDY MATSON YUKON,Natalie Masters,,,,,,,,
CELEBRITY CLUB,Jackie Kelk,Art Carney,Margaret Whiting,,,,,,
CLOAK AND DAGGER,Raymond Edward Johnson,,,,,,,,
CRIME DOES NOT PAY,Donald Buka,,,,,,,,
CAPTAIN MIDNIGHT,Ed Prentiss,Boris Aplon,,,,,,,
CRIME AND PETER CHAMBERS,Dane Clark,,,,,,,,
A CANTICLE FOR LIEBOWITZ,Fred Coffin,Russell Horton,Bart Hayman,Herb Hartig,,,,,
THE CHARLIE MCCARTHY SHOW,Charlie McCarthy,Edgar Bergen,Anita Gordon,Pat Patrick,,,,,
CAN YOU IMAGINE THAT,Lindsey McCary,,,,,,,,
CHAMBER MUSIC SOCIETY OF LOWER BASIN STREET,Henry Levine,Paul LaValle,,,,,,,
THE CHESTERFIELD MUSIC SHOP,Johnny Mercer,Jo Stafford,Paul Weston Orchestra, The Pied Pipers,June Hutton,,,,
THE CHESTERFIELD SUPPER CLUB,Perry Como,Jo Stafford,,,,,,,
THE ADVENTURES OF CHRISTOPHER LONDON,Glenn Ford,,,,,,,,
CRUSADER CHRONICLES,Hugh Grant,Chris Lang,Andy Taylor,Simon Greenall,Chris Langham,Rebecca Front,,,
THE COLGATE HOUSE PARTY,Frances Langford,Donald Novis,,,,,,,
THE COUNT OF MONTE CRISTO,Carlton Young,Betty Lou Gerson,,,,,,,
THE CURTAIN OF TIME,Jeff Corey,,,,,,,,
THE CASEBOOK OF GREGORY HOOD,Elliott Lewis,Howard McNear,,,,,,,
THE CONNEE BOSWELL SHOW,Connee Boswell,Ted Husing,Bobby Doyle,,,,,,
CALL THE POLICE,George Petrie,Amzie Strickland,Robert Dryden,,,,,,
CAMPANA SERENADE,Dick Powell,Martha Tilton,,,,,,,
CASES OF MISTER ACE,George Raft,Jeanette Nolan,Cathy Lewis,,,,,,
CHAPLAIN JIM,Don MacLaughlin,,,,,,,,
CRIME ON THE WATERFRONT,Myron Wallace,,,,,,,,
CRIME CORRESPONDENT,Paul Frees,,,,,,,,
THE COBBS,William Demarest,Hope Emerson,,,,,,,
CLUB FIFTEEN,Andrews Sisters,,,,,,,,
COMEDY STARS OF HOLLYWOOD,Franklin Brown,Kay LaValle,The King's Men,,,,,,
CONTEMPORARY COMPOSERS CONCERT,Paul Whiteman,Kay Armen,,,,,,,
CAPTAIN STUBBY AND HIS BUCCANEERS,Tony Walberg,,,,,,,,
CREEPS BY NIGHT,Boris Karloff,,,,,,,,
THE CIRCLE ARROW SHOW,Jimmy Leonard,,,,,,,,
CLUB HOLLYWOOD,Rose Marie,,,,,,,,
COTY SALUTE TO YOUTH,Ray Noble,,,,,,,,
CHUCK-WAGON JAMBOREE,Art West,Suzie West,Emmylou Harris,,,,,,
THE COUNTRY EDITOR,Bob Burns,,,,,,,,
THE CIRCLE,Cary Grant,Carole Lombard,Groucho Marx,Chico Marx,,,,,
THE MODERN ADVENTURES OF CASANOVA,Errol Flynn,,,,,,,,
CAROLINA COTTON CALLS,Carolina Cotton,The Rhythm Riders,,,,,,,
COMMUNITY SING,Milton Berle,Wendell Hall,,,,,,,
CHEVROLET PROGRAM,David Rubinoff,Virginia Raye,Jan Peerce,,,,,,
CHRISTMAS SING WITH BING,Bing Crosby,,,,,,,,
CLUB OASIS,Spike Jones,Helen Grayco,,,,,,,
CONFLICT,Edna Best,,,,,,,,
CIMARRON TAVERN,Paul Conrad,,,,,,,,
CHANDU THE MAGICIAN,Gayne Whiteman,Margaret MacDonald,Bob Bixby,Betty Webb,,,,,
CAPTAIN FLAGG AND SERGEANT QUIRT,Edmund Lowe,William Gargan,,,,,,,
DANGEROUSLY YOURS,Victor Jory,,,,,,,,
DANGER DOCTOR DANFIELD,Michael Dunn,,,,,,,,
THE DAY OF THE TRIFFIDS,Patrick Barr,Monica Gray,Gabriel Blunt,,,,,,
DOC SAVAGE,Bernard Lenrow,Earl George,,,,,,,
THE STORY OF DR KILDARE,Lew Ayres,Lionel Barrymore,,,,,,,
DR. SIXGUN,Carl Weber,William Griffis,,,,,,,
DUFFY’S TAVERN,Ed Gardner,,,,,,,,
THE DANNY KAYE SHOW,Danny Kaye,Eve Arden,Lional Stander,Harry James and His Music Makers,,,,,
DANGEROUS ASSIGNMENT,Lloyd Bruuell,,,,,,,,
A DATE WITH JUDY,Louise Erickson,Dix Davis,Ken Christy,Myra Marsh,Ann Gillis,Paul McGrath,Margaret Braeton,,
COUNTERSPY,Don MacLaughlin,Mandel Kramer,,,,,,,
DINAH SHORE SHOW,Dinah Shore,,,,,,,,
THE DEFENSE RESTS,Mercedes MacCambridge,,,,,,,,
DAISY DISCOVERS AMERICA,Ella Logan,Sheldon Leonard,,,,,,,
THE DON AMECHE SHOW,Pinky Lee,Truman Bradley,Swing Choir,,,,,,
THE PRIVATE PRACTICE OF DR DANA,Jeff Chandler,,,,,,,,
THE DRENE SHOW,Don Ameche,Pinky Lee,Jonell Jones,,,,,,
DARK VENTURE,Betty Moran,Dwight Hauser,,,,,,,
DARLING AND DEARIE,Alonzio Dean Cole,Mary Flynn,,,,,,,
DEFENSE ATTORNEY,Mercedes MacCambridge,,,,,,,,
DOCTOR STANDISH MEDICAL EXAMINER,Gary Merrill,Audrey Christie,Eric Dressler,,,,,,
DATE IN HOLLYWOOD,Eddie Fisher,Gloria De Haven,,,,,,,
DOCTOR’S WIFE,Patricia Weil,Donald Curtis,,,,,,,
DEAR JOHN,Irene Rich,,,,,,,,
DYKE EASTER DETECTIVE,Albert Hecht,,,,,,,,
DESIGN FOR LISTENING,Jack Haskell,,,,,,,,
DUDE MARTIN’S SUNRISE ROUNDUP,Dude Martin,,,,,,,,
DR PEPPER PARADE,Pick Malone,Pat Padgett,Jack Arthur,Margaret McCrea,,,,,
DUDE MARTIN'S RADIO RANCHO,Dude Martin,,,,,,,,
THE EASY ACES,Goodman Ace,Jane Ace,,,,,,,
THE EDDIE BRACKEN SHOW,Eddie Bracken,Ann Ruthford,Janet Waldo,William Demarest,,,,,
THE EMPIRE BUILDERS,Harvey Hayes,,,,,,,,
THE ADVENTURES OF ELLERY QUEEN,Sydney Smith,Santos Ortega,Ted de Corsia,Barbara Terrell,,,,,
EASY MONEY,Larry Haines,,,,,,,,
AN EVENING WITH ROMBERG,Robert Merrill,Thomas Hayward,,,,,,,
THE EDDIE AND RALPH SHOW,Ed East,Ralph Dumke,,,,,,,
ELMER’S JUKE BOX,Elmer Swenson,,,,,,,,
THE ENCHANTED HOUR,Nancy Carr,Henry Weber Orchestra,,,,,,,
EL LOBO RIDES AGAIN,Charlie Lung,,,,,,,,
ED WYNN SHOW,Ed Wynn,Minerva Pios,,,,,,,
EDITH ADAMS’  FUTURE,Della Louise Orton,,,,,,,,
EYES WRIGHT,Martha Wright,The Page Cavanaugh Trio,,,,,,,
FRONTIER GENTLEMAN,John Dehner,,,,,,,,
FORT LARAMIE,Raymond Burr,Vic Perrin,Jack Moyles,,,,,,
THE ADVENTURES OF FRANK RACE,Tom Collins,Paul Dubov,,,,,,,
FREEDOM USA,Tyrone Power,,,,,,,,
FURTHER INTERPLANETARY ADVENTURES OF FLASH GORDON,Gale Gordon,Maurice Franklin,Bruno Wick,Teddy Bergman,Everett Sloane,Charlie Cantor,Ray Collins,,
THE FRED ALLEN SHOW,Fred Allen,Portland Hoffa,,,,,,,
THE FIRST NIGHTER PROGRAM,Barbara Luddy,Olan Soule,,,,,,,
FATHER KNOWS BEST,Robert Young,Jean Vander Pyl,Rhoda Williams,Ted Donaldson,Helen Strong,Eleanor Audley,Herb Vigran,Sam Edwards,
THE ADVENTURES OF FRANK MERRIWELL,Lawson Zerby,Hal Studer,Elaine Rost,,,,,,
FRONT AND CENTER,Dorothy Lamour,,,,,,,,
FRONTIER TOWN,Reed Hadley,,,,,,,,
FAMILY PORTRAIT,Harry Babbitt,,,,,,,,
THE FAT MAN,J. Scott Smart,,,,,,,,
THE FEELING IS MUTUAL,Andy Williams,4 Little Sisters,Harry Zimmerman Orchestra,,,,,,
FITCH BANDWAGON,Cass Daley,Dink Trout,,,,,,,
FOLLOW THE MOON,Elsie Hicks,Nick Dawson,,,,,,,
FURLOUGH FUN,George Riley,Spike Jones and his Band,,,,,,,
THE FOUNTAIN OF FUN,Phil Brito,The Thrasher Sisters,,,,,,,
THE FIRE CHIEF PROGRAM,Ed Wynn,,,,,,,,
FIFTH ROW CENTER,Simone Simon,Olan Soule,,,,,,,
FOREIGN ASSIGNMENT,Jay Jostyn,Vicki Viola,,,,,,,
FOUR KINGS AND A QUEEN,Keener,Whitey Henry,Jimmy Skrogie,Vickie Barrie,,,,,
THE FRANK MORGAN SHOW,Cass Dailey,Eric Blore,,,,,,,
THE FIGHTING PARSON,Reverend E.J. Rawlings,,,,,,,,
FUN FEST,Red Corcoran,Ken Brown,The King's Men,,,,,,
THE ADVENTURES OF FATHER BROWN,Karl Swenson,,,,,,,,
FOUR STAR PLAYHOUSE,Robert Cummings,Rosalind Russell,Fred MacMurray,,,,,,
THE FRANK PARKER SHOW,Frank Parker,,,,,,,,
THE FRED WARING SHOW,Fred Waring,,,,,,,,
FLIT FROLICS,Hal Kanner's Little Band,Jimmy Atkins,,,,,,,
FUN AT BREAKFAST,Ford Bond,Tom Howard,George Shelton,,,,,,
THE FIRE CHIEF CONCERT,Donald Novis,Gloria Grafton,Charles Henderson's Singing Razorbacks,,,,,,
THE CRIME FILES OF FLAMOND,William Everett,Patricia Dunlap,,,,,,,
THE FRANK FONTAINE SHOW,Frank Fontaine,The Fontaine Children,,,,,,,
FAMOUS ROMANCES,William Farnum,Martha Wentworth,,,,,,,
FLIGHT WITH MUSIC,Marion Hutton,,,,,,,,
FRONTIER THEATER,Joel McCrea,,,,,,,,
FRESH-UP SHOW,Bert Lahr,,,,,,,,
THE GREAT GILDERSLEEVE,Harold Peary,Willard Waterman,Walter Tetley,Earle Ross,Richard LeGrand,Lillian Randolph,,,
GRAND MARQUEE,Jim Ameche,Olan Soule,Beryl Vaughn,,,,,,
THE GREEN LAMA,Paul Frees,,,,,,,,
THE GREATEST STORY EVER TOLD,Warren Parker,,,,,,,,
GOOD NEWS OF 1940,Robert Young,Frank Morgan,Fanny Brice,Hanley Stafford,Connee Boswell,,,,
THE GORDON MACRAE SHOW,Gordon MacRae,,,,,,,,
GRANBY’S GREEN ACRES,Gale Gordon,Bea Benadaret,Louise Erickson,Parley Baer,,,,,
FAVORITE SPORTS STORIES OF GRANTLAND RICE,Grantland Rice,,,,,,,,
THE GUY LOMBARDO SHOW,Guy Lombardo and His Royal Canadians,,,,,,,,
THE GENERAL,Roy Shields and his Orchestra,,,,,,,,
GAY NINETIES REVIEW,Beatrice Kay,,,,,,,,
THE GENTLEMAN ADVENTURER,James Mehan,,,,,,,,
THE GOOD GULF PROGRAM,Will Rogers,Al Goodman,The Revelers,,,,,,
THE GEORGE BYRON SHOW,George Byron,,,,,,,,
GASOLINE ALLEY,Bill Lipton,Mason Adams,,,,,,,
GRAND HOTEL,Barbara Luddy,Olan Soule,,,,,,,
GULFSPRAY PRESENTS,Jerry Wayne,Peg La Centra,,,,,,,
HAVE GUN WILL TRAVEL,John Dehner,,,,,,,,
HOPALONG CASSIDY,William Boyd,Andy Clyde,,,,,,,
THE ADVENTURES OF HORATIO HORNBLOWER,Michael Redgrave,,,,,,,,
THE HARVEST OF STARS,James Melton,,,,,,,,
THE HALLS OF IVY,Ronald Colman,Benita Hume,,,,,,,
THE HENRY MORGAN SHOW,Henry Morgan,,,,,,,,
HERCULE POIROT,Harold Huber,,,,,,,,
HOLLYWOOD’S OPEN HOUSE,Henny Youngman,,,,,,,,
THE HARDY FAMILY,Mickey Rooney,Lewis Stone,Fay Holden,,,,,,
HELEN HAYES THEATER,Helen Hayes,,,,,,,,
HIS AND HERS,Jim Bacus,Virginia Fields,,,,,,,
HILDEGARDE,Hildegarde,Hildegarde and the Lynn Murray Chorus,,,,,,,
HOLLYWOOD SPOTLIGHT,Phil Harris, Bob Burns,Larry Burke,Leah Ray,,,,,
THE HAPPINESS BOYS,Billy Jones,Ernie Hare,,,,,,,
A HALF HOUR TO KILL,William Conrad,,,,,,,,
HARMONY HOMESTEAD,Texanne Nation, Merle Travis,Andy Holcomb,Jack Rogers,Tex Saunders,,,,
HOLIDAY WILDE,Gloria Blondell,,,,,,,,
HOLLYWOOD MARDI GRAS,Lanny Ross,,,,,,,,
HOMICIDE O’KANE,John Heston,Richard Le Grand,,,,,,,
THE HONORABLE ARCHIE,Reginald Sharland,Martha Wentworth,Sylvia Jones,Mitzie Lamar,Cliff Arquette,,,,
THE HOUSE OF GLASS,Gertrude Berg,Joseph Buloff,Arnold Stang,,,,,,
HOWARD AND SHELTON,Tom Howard,George Sherton,,,,,,,
HARMONY HALL,Jerry Colonna,Marian Morgan,The Four Vagabonds,,,,,,
HERE COMES MCBRIDE,Frank Lovejoy,,,,,,,,
HARRY BABBITT SHOW,Harry Babbitt,,,,,,,,
HAP HAZARD,Edna O'Dell,,,,,,,,
HOLLYWOOD IMPRESSIONS,Lou Tobin,,,,,,,,
THE HOOFERS,Alice Smith,,,,,,,,
HOME EDITION,Robert Gardner,,,,,,,,
I WAS A COMMUNIST FOR THE FBI,Dana Andrews,,,,,,,,
I LOVE ADVENTURE,Michael Raffetto,Barton Yarborough,Tom Collins,Gloria Blondell,,,,,
I LOVE A MYSTERY,Michael Raffetto, Barton Yarborough,Gloria Blondell,,,,,,
INSPECTOR THORNE,Staats Cotsworth,,,,,,,,
IT’S HIGGINS SIR,Harry McNaughton,Vinton Hayworth,Peggy Allenby,,,,,,
I DEAL IN CRIME,William Gargan,,,,,,,,
IMPERIAL LEADER,Douglas Kelly,,,,,,,,
I WANT A DIVORCE,Joan Blondell,,,,,,,,
I COVER THE WATERFRONT,Larry Thor,,,,,,,,
IT’S ALWAYS SUNDAY,John Stevenson,Coleen Collins,Nancy McCullom,,,,,,
I FLY ANYTHING,Dick Haymes,Georgia Ellis,George Fenniman,,,,,,
IT HAPPENED IN HOLLYWOOD,John Conte,Martha Mears,,,,,,,
I COVER HOLLYWOOD,Michael O'Shea,Georgia Ellis,,,,,,,
IT’S CHESTERFIELD TIME,Alice Faye,Hal Kemp Orchestra,,,,,,,
IT’S US AGAIN,Mark Harris,Zelda Rihards,Dorothy Francis,Sandra Lawrence,,,,,
ISLAND VENTURE,Jerry Walter, Clare Boreum,Norman Gottschalk,Jonathan Hale,,,,,
JEFF REGAN INVESTIGATOR,Frank Graham,Frank Nelson,Jack Webb,Wilms Herbert,Paul Dubov,,,,
THE JIMMY DURANTE SHOW,Jimmy Durante,Ruth Etting,,,,,,,
BILLY ROSE’S JUMBO,Donald Novis,Gloria Grafton,Charles Henderson's Singing Razorbacks,,,,,,
JACK ARMSTRONG THE ALL AMERICAN BOY,Charles Flynn,Jim Goss,,,,,,,
THE JUDY CANOVA SHOW,Judy Canova,Johnny Desmond,Jeff Chandler,Paul Nero,Tommy Dorsey,Jimmy Dorsey,Perry Botkin,The Mello-Men,Rudy Wissler
THE JOE PENNER SHOW,Joe Penner,,,,,,,,
THE JACK PAAR SHOW,Jack Paar,,,,,,,,
THE JACK HALEY SHOW,Jack Haley,,,,,,,,
THE JAMES MELTON SHOW,James Melton,Ed Wynn,,,,,,,
JUST ENTERTAINMENT,Pat Butrum,Marian Morgan,,,,,,,
JUST FOR YOU,Buddy Clark,Bob Eberle,,,,,,,
THE JOHN CHARLES THOMAS SHOW,John Charles Thomas,,,,,,,,
THE JACK KIRKWOOD SHOW,Jack Kirkwood,Frank Nelson,Ruth Perrott,Lillian Lee,Gene La Valle,Billy Gray,Mel Blanc,,
JUMP JUMP AND THE ICE QUEEN,Mary McConnell,Harry Hickox,Johnny McGovern,,,,,,
THE ADVENTURES OF JOHNNY LUJACK,Johnny Lujack,,,,,,,,
THE JACK BERCH SHOW,Eddie Dunn,Tony Motolla,,,,,,,
JASON AND THE GOLDEN FLEECE,MacDonald Carey,,,,,,,,
THE JOAN DAVIS SHOW,Joan Davis,,,,,,,,
JACK FINA ORCHESTRA,Jack Fina,,,,,,,,
JUNIOR MISS,Gale Gordon,Barbara Whiting,,,,,,,
THE JOE MCDOAKS SHOW,George O'Hanlon,Marcie McGuire,Clifton Young,,,,,,
JACK SMITH SHOW,Jack Smith,,,,,,,,
JACK OAKIE’S COLLEGE,Jack Oakie,,,,,,,,
JOLLY BILL AND JANE,Bill Steinke,Pat Pritchard,,,,,,,
JUST OUTSIDE HOLLYWOOD,Hanley Stafford,Charlie Cantor,Frank Nelson,John Brown,,,,,
JIMMY BLADE AND HIS MUSIC,Jimmy Blade,Richard Page,,,,,,,
THE ADVENTURES OF JANE ARDEN,Ruth Yorke,Maurice Franklin,Henry Wadsworth,Bill Baar,Frank Provo,Helene Dumas,,,
THE JUDGE,John Dehner,Larry Dobkin,,,,,,,
JIMMY CARROLL SINGS,Jimmy Carroll,Ted Dale Orchestra,Squibb Chorus,,,,,,
TEXACO STAR THEATER SUMMER SHOW,Jane Forman,Bob Hannon,,,,,,,
KNICKERBOCKER PLAYHOUSE,Elliot Lewis,Ann Seymore,,,,,,,
KRAFT MUSIC HALL,Al Jolson,,,,,,,,
KAY KYSER’S KOLLEGE OF MUSICAL KNOWLEDGE,Kay Kysar,Harry Babbitt,Merwyn Bogue,,,,,,
KALTENMEYER’S KINDERGARTEN,Bruce Kamman,Johnny Wolf,Thor Ericson,Marian Jordon,Jim Jordan,Merrill Fugit,Sidney Ellstrom,Cecil Roy,Billy White
THE KENNY BAKER SHOW,Kenny Baker,,,,,,,,
KING OF THE ROYAL MOUNTED,Richard Dix,,,,,,,,
KISS AND MAKE UP COURT OF PETTY GRIEVANCES,Milton Berle,,,,,,,,
THE KID ON THE CORNER,Sheldon Leonard,Walter Tetley,,,,,,,
LES MISERABLES,Orson Welles,Martin Gabel,Estelle Levy,Virginia Welles,,,,,
THE LIVES OF HARRY LIME,Orson Welles,,,,,,,,
LUKE SLAUGHTER OF TOMBSTONE,Sam Buffington,,,,,,,,
LET GEORGE DO IT,Olan Soule,Virginia Gregg,Bob Bailey,Eddie Firestone jr,Francis Robinson,Joe Kearn,,,
THE LONE RANGER,Earle Graser,John Todd,,,,,,,
THE LIFE OF RILEY,William Bendix,,,,,,,,
LIFE WITH LUIGI,J. Carrol Naish,Alan Reed,Jody Gilbert,Gil Stratton,Mary Shipp,Hans Conried,Joe Forte,Ken Peters,
LET’S GO TO SLAPSIE’S,Maxie Rosenbloom,Jane Withers,,,,,,,
LINEUP,Bill Johnstone,Jack Moyles,,,,,,,
THE LES PAUL SHOW,Les Paul Trio,,,,,,,,
LETTERS FROM ABROAD,Tom Teriss,,,,,,,,
A LIFE IN YOUR HANDS,Carleton Kadell,,,,,,,,
THE LIGHT OF THE WORLD,Bret Morrison,,,,,,,,
THE LAUREL AND HARDY SHOW,Stan Laurel,Oliver Hardy,,,,,,,
LEAVE IT TO JOAN,Joan Davis,,,,,,,,
LET YOURSELF GO,Joe Bessor,Martha Tilton,,,,,,,
THE LITTLE SHOW,Del Courtney Orchestra,,,,,,,,
LONE JOURNEY,Les Damon,Eloise Kummer,,,,,,,
LONE WOLF,Gerald Mohr,Jay Novello,,,,,,,
LORA LAWTON,Jan Minor,,,,,,,,
LAUGH WITH KEN MURRAY,Phil Regan,Eve Arden,,,,,,,
LISTEN TO A LOVE SONG,Tony Martin,Georgia Gibbs,,,,,,,
LUNCHEON WITH LOPEZ,Vincent Lopez and his Orchestra,,,,,,,,
LOG CABIN INN,Lanny Ross,Pauline Alpert,,,,,,,
LIGHT CRUST DOUGHBOYS,Marvin 'Smokey' Montgomery,,,,,,,,
THE LEE SIMMS SHOW,Lee Simms,,,,,,,,
LUCKY U RANCH,Ken Curtis,Shug Fisher,Betty Taylor,,,,,,
THE LION’S ROAR,Frederick Chase Taylor,,,,,,,,
THE MYSTERIOUS TRAVELER,Maurice Tarplin,,,,,,,,
MATINEE THEATER,Victor Jory,,,,,,,,
THE MARIO LANZA SHOW,Mario Lanza,Giselle MacKensie,,,,,,,
MELODY AND MADNESS,Jimmy Durante,,,,,,,,
MEET THE MEEKS,Forrest Lewis,Beryl Vaughn,,,,,,,
MR. ACE AND JANE,Goodman Ace,Jane Ace,John Griggs,Evelyn Varden,Pert Kelton,Eric Dressler,Cliff Hall,,
MAXINE GRAY ENTERTAINS,Maxine Gray,Alvino Rey,,,,,,,
MYRT AND MARGE,Alice Yourman,Alice Goodkin,Vinton Hayworth,Ray Hedge,Richard Keith,Helen Choate,,,
THE MAN CALLED X,Herbert Marshall,,,,,,,,
MR. PRESIDENT,Edward Arnold,Betty Lou Gerson,William Conrad,,,,,,
MR. CHAMELEON,Karl Swenson,,,,,,,,
THE MOONSTONE,James Tomlson,,,,,,,,
THE MICKEY MOUSE THEATER OF THE AIR,Walt Disney,Thelma Boardman,Stuart Buchanan,Clarence Nash,Florence Gill,,,,
THE ADVENTURES OF MAISIE,Ann Sothern,,,,,,,,
MAYOR OF THE TOWN,Lionel Barrymore,Agnus Moorehead,,,,,,,
THE MAGNIFICENT MONTAGUE,Monty Woolley,Anne Seymour,Pert Kelton,,,,,,
MY FRIEND IRMA,Marie Wilson,Cathy Lewis,John Brown,Hans Conried,Gloria Gordon,Leif Erickson,Alan Reed,,
MY FAVORITE HUSBAND,Lucille Ball,Richard Denning,Gale Gordon,Bea Benaderat,Ruth Perrott,,,,
THE MARTIN AND LEWIS SHOW,Dean Martin,Jerry Lewis,Sheldon Leonard,Ben Alexander,,,,,
THE ADVENTURES OF MICHAEL SHAYNE,Vinton Hayworth,Dorothy Donahue,,,,,,,
MR. AND MRS. BLANDINGS,Robert Cummings,Jane Wyatt,,,,,,,
MEET MISTER MCNUTLEY,Ray Milland,,,,,,,,
MEET CORLISS ARCHER,Janet Waldo,Sam Edwards,Fred Archer,Irene Tedrow,Tommy Bernard,Barbara Whiting,Arlene Becker,,
MULLIGAN’S TRAVELS,Sheldon Leonard,Bea Benaderet,Verna Felton,Sarah Selby,Ed Max,Arthur Q. Bryan,Eric Snowden,,
THE MCCOY,Howard Duff,Sheldon Leonard,,,,,,,
MCGARRY AND HIS MOUSE,Roger Pryor,Shirley Mitchell,,,,,,,
MCALEER MELODISTS,Scrapy Lambert,Ozzie Dunn,,,,,,,
THE MARY SMALL SHOW,Mary Small,,,,,,,,
MADISON THAT’S ME,Lemont Johnson,,,,,,,,
MR. AND MRS. NORTH,Barbara Britton,Richard Denning,,,,,,,
MAN OF MAGIC,Felix Greenfield,,,,,,,,
MEET THE STARS,Betty Jane Rhodes,George Fisher,Dave Rose Orchestra,,,,,,
THE ADVENTURES OF MICHAEL SHAYNE,Vinton Hayworth,Dorothy Donahue,,,,,,,
MICHAEL PIPER PRIVATE DETECTIVE,John Gibson,,,,,,,,
THE MAN IN BLACK,Paul Frees,,,,,,,,
MANDRAKE THE MAGICIAN,Raymond Edward Johnson,Juano Hernandez,,,,,,,
MEET MISS SHERLOCK,Sondra Gair,Bill Conrad,Joe Petruzzi,,,,,,
THE MINDY CARSON SHOW,Mindy Carson,,,,,,,,
THE MINSTREL TRAIN,Tiney Ruffner,Elizabeth Morgan,Florence McMichael,Cecil Roy,,,,,
MORNING ROUNDUP,Tex Williams,Smokey Rogers,,,,,,,
MR. FEATHERS,Parker Finnelly,,,,,,,,
MURDER AND MR. MALONE,Frank Lovejoy,Jack Webb,,,,,,,
MY HOME TOWN,Cliff Arquette,Will Wright,,,,,,,
MY LITTLE MARGIE,Gale Storm,Charles Ferrell,Verna Felton,Gil Stratton jr,Will Wright,,,,
MY SON JEEP,Donald Cook,Martin Huston,,,,,,,
MATINEE,Marion Morgan,Billy Strange,,,,,,,
MORTON DOWNEY SHOW,Morton Downey,,,,,,,,
MUSIC FROM HOLLYWOOD,Evelyn Lynn,Larry Cotton,,,,,,,
MURDER WILL OUT,William Gargan,Edward Marr,,,,,,,
MEMO FROM MOLLY,Olan Soule,Barbara Luddy,Sarah Selby,Jess Kirkpatrick,Stuffy Singer,,,,
MANHUNT,Larry Haines,Frances Robinson,,,,,,,
MORE ABOUT HARRIS,Mark Harris,Zelda Rihards,Dorothy Francis,Sandra Lawrence,,,,,
MYSTERIES OF THE MIND,Hugh Lind Casey,,,,,,,,
MIRTH AND MELODY,Eddie Green,Ernest Whitman,Harry Babbitt,Ken Christy,Les Thompson,Martha Tilton,Nickodemus Brown,The Darktown Quartet,
MIDSTREAM,Olan Soule,Mercedes McCambridge,,,,,,,
MAKERS OF HISTORY,Hanley Stafford,,,,,,,,
ME AND MY SHADOW,Charles W Hamp,,,,,,,,
THE ADVENTURES OF NERO WOLFE,Sidney Greenstreet,Elliott Lewis,,,,,,,
NICK CARTER MASTER DETECTIVE,Lon Clark,Charlotte Manson,Ed Latimer,John Kane,,,,,
NOW HEAR THIS,Arnold Robertson,Larry Haines,,,,,,,
NBC LITTLE THEATER,Gerald Mohr,Betty Lou Gerson,,,,,,,
THE NAVEL AIR RESERVE SHOW,Jim Ameche,,,,,,,,
NED JORDAN SECRET AGENT,Jack McCarthy,,,,,,,,
NONA FROM NOWHERE,Toni Darney,Karl Weber,James Kelly,,,,,,
NONSENSE AND MELODY,Frank Gill Jr.,William Demling,,,,,,,
THE NOTORIOUS TARIQ,Turhan Bay,,,,,,,,
THE NEW SWAN SHOW,Tommy Riggs,Verna Felton,Betty Lou,,,,,,
THE NESTLE PROGRAM,Evelyn Case,,,,,,,,
ICE BOX FOLLIES,Wendell Niles,Don Prindle,,,,,,,
ON STAGE,Cathy Lewis,Elliot Lewis,,,,,,,
ONE OUT OF SEVEN,Jack Webb,,,,,,,,
THE ADVENTURES OF OZZIE AND HARRIET,Ozzie Nelson,Harriet Nelson,David Nelson,Ricky Nelson,,,,,
ORBIT ONE ZERO,Felix Selton,,,,,,,,
ORIGINALS BY BENNETT,Joan Bennett,,,,,,,,
ORPHANS OF DIVORCE,Margaret Anglin,Effie Palmer,Richard Gordon,Madeliene Pierce,,,,,
THE OLSEN AND JOHNSON SHOW,Ole Olsen,Chick Johson,Gertrude Neisen,,,,,,
ONCE UPON OUR TIME,Jack Hilty,,,,,,,,
OUT OF THE DEEP,Wally Meyer,Ed May,,,,,,,
OLD HAG’S HOUR GLASS,Noreen Gammill,,,,,,,,
OUR TOWN,Edward Ellis,,,,,,,,
OPIE CATES SHOW,Opie Cates,Francis X. Bushman,Barbara Fuller,Myra Marsh,,,,,
PAT NOVAK FOR HIRE,Jack Webb,Raymond Burr,Tudor Owen,,,,,,
THE ADVENTURES OF PAUL TEMPLE ,Peter Cook,Marjorie Westbury,,,,,,,
PAUL WHITEMAN’S CHRISTMAS PARTY,Eugenie Baird,Johnny Thompson,The Joe Moony Quartet,,,,,,
THE ADVENTURES OF PHILIP MARLOWE,Ed Bishop,,,,,,,,
POPEYE THE SAILOR,Detmar Poppen,,,,,,,,
PALMOLIVE BEAUTY BOX THEATER,Jessica Dragonette,,,,,,,,
THE PACKARD SUMMER HOUR,Johnny Green,,,,,,,,
THE PHIL HARRIS - ALICE FAYE SHOW,Phil Harris,Alice Faye,Elliott Lewis,Walter Tetley,Jeanine Rose,Anne Whitfield,,,
PRESENTING CHARLES BOYER,Charles Boyer,Hanley Stafford,,,,,,,
PHILO VANCE,Jackson Beck,,,,,,,,
PHILCO RADIO TIME,Bing Crosby,,,,,,,,
PASSPORT TO ROMANCE,Mitzi Green,Larry Brooks,,,,,,,
PETE KELLY’S BLUES,Jack Webb,,,,,,,,
THE PAUL WHITEMAN SHOW,Eugenie Baird,Johnny Thompson,The Joe Moony Quartet,,,,,,
PHYL COE RADIO MYSTERIES,Peggy Allenby,Bud Collyer,Jay Jostyn,House Jameson,,,,,
PICK AND PAT,Pick Malone,Pat Padgett,,,,,,,
YOUR PREVIEW THEATER OF THE AIR,George O'Hanlon,Marcie McGuire,Clifton Young,,,,,,
PITFALL,Larry Dobkin,,,,,,,,
PURSUIT,Ben Wright,,,,,,,,
PUBLIC DEFENDER,Henry James Morgan,Jack Krusceon,,,,,,,
PAPPY SMITH AND HIS HIRED HANDS,Part Barnes,,,,,,,,
PASSPORT FOR ADAMS,Robert Young,,,,,,,,
THE PENNY SINGLETON SHOW,Penny Singleton,Sheilah James,Mary Lee Robb,Jim Bacus,Gale Gordon,Bea Benaderet,,,
PHONE AGAIN FINNEGAN,Stuart Erwin,,,,,,,,
PLATTER THEATER,Kyle Kimbrough,Claire Walsh,,,,,,,
POINT SUBLIME,Cliff Arquette,Mel Blanc,,,,,,,
THE PRIVATE LIFE OF ROCHESTER VAN JONES,Eddie Anderson,,,,,,,,
THE PRICE OF SILENCE,Ian Hendry,Toby Robins,George Coulouris,Paul Hardwick,Alan Tilvern,,,,
PROWL CAR,Elliot Lewis,Jeanne Bates,Paul Frees,Peter Leeds,Bob Sweeney,Jack Moyles,,,
QUICK AS A FLASH,Jackson Beck,,,,,,,,
RED SKELTON SHOW,Lurene Tuttle,Pat McGeehan,Smith Twins,,,,,,
THE ADVENTURES OF ROCKY JORDAN,Jack Moyles,Jay Novello,,,,,,,
ROGERS OF THE GAZETTE,Will Rogers Jr.,Georgia Ellis,,,,,,,
ROCKY FORTUNE,Frank Sinatra,,,,,,,,
THE ROY ROGERS SHOW,Pat Friday,Bob Nolan,,,,,,,
RED RYDER,Reed Hadley,Tommy Cook,Arthur Q. Bryan,Horace Murphy,,,,,
THE RADIO EDITION OF THE BIBLE,Bud Collyer,John Merlin,Sidney Slon,Arthur Vinton,Alexander Scourby,,,,
RAY HERBECK ORCHESTRA,Ray Herbeck,,,,,,,,
THE RED NICHOLS SHOW,Red Nichols and the Five Pennys,Dotty O'Brian,Del Sharbett,,,,,,
THE REVUERS,Betty Comden,Adolphe Green,,,,,,,
ROGER KILGORE PUBLIC DEFENDER,Santos Ortega,Staats Cotsworth,,,,,,,
THE ROMA WINE SHOW,Charles Ruggles,Misha Ayer,Mary Astor,Bea Benaderet,,,,,
THE RUGGLES,Charlie Ruggles,Hanley Stafford,Olin Soule,,,,,,
REDD HARPER’S HOLLYWOOD ROUNDUP,The Roundup Boys,Tex Atchison,Frankie Messina,Hank Caldwell,Alabama Jim Widener,Ernie Tavaras,,,
THE ROAD TO DANGER,Curley Bradley,Clarence Hartzell,,,,,,,
REX ALLEN SHOW,Rex Allen,Mary Ellen Kaye,Sons of the Pioneers,Noel Boggs,,,,,
ROMANCE IN RHYTHM,Evelyn Case,Jack Arthur,,,,,,,
THE RAY BOLGER SHOW,Ray Bolger,,,,,,,,
THE ADVENTURES OF ROBIN HOOD,Robert Clark,Alan Reed,,,,,,,
THE ROSEMARY CLOONEY SHOW,Rosemary Clooney,,,,,,,,
THE RANSOM SHERMAN SHOW,Ransom Sherman,Martha Tilton,Gordon Jenkins' Orchestra,,,,,,
THE STRANGE DR. WEIRD,Maurice Tarplin,,,,,,,,
THE SIX SHOOTER,James Stewart,,,,,,,,
SUSPENSE STORY,Joseph Campanella,Dena Detrich,Jane Webb,Jesse White,,,,,
THE ADVENTURES OF SAM SPADE,Steve Dunn,Lurene Tuttle,,,,,,,
THE SHADOW,John Archer,Marion Sharkley,Steve Courtleigh,Laura Mae Carpenter,Frank Readick Jr.,Bret Morrison,Gertrude Warner,Marjorie Anderson,Bill Johnstone
THE SMITHS OF HOLLYWOOD,Arthur Treacher,Harry Von Zell,Brenda Marshall,Jan Ford,,,,,
SHADOW OF FU MANCHU,Hanley Stanford,Gale Gordon,,,,,,,
THE SAINT,Vincent Price,,,,,,,,
STRAIGHT ARROW,Howard Culver,Fred Howard,,,,,,,
THE SAD SACK,Herb Vigran,Jim Backus,Sandra Gould,Ken Cristy,Patsy Moran,,,,
STAIRWAY TO THE STARS,Howard Culver,,,,,,,,
SEALTEST VARIETY THEATER,Dorothy Lamour,Eddie Bracken,Frank Nelson,,,,,,
THE SPIKE JONES SHOW,Spike Jones,Doodles Weaver,The City Slickers,,,,,,
SPOTLIGHT REVUE,Spike Jones,Doodles Weaver,Dorothy Shay  Doodles,The City Slickers,,,,,
SONGS BY SINATRA,Frank Sinatra,The Pied Pipers,,,,,,,
SHORTY BELL,Mickey Rooney,,,,,,,,
SECURITY AGENT USA,Everett Clark,Arthur Peterson, Ed Prentiss,Myron Wallace,Oscar Brown Jr.,Ken Griffin,Sondra Gair,,
THE SHEILA GRAHAM SHOW,Sheila Graham,,,,,,,,
SWEENEY AND MARCH,Bob Sweeney,Hal March,Doris Singleton,,,,,,
THE SOFT SONGS PROGRAM,Evelyn Case,,,,,,,,
SUMMER STARS,Joan Edwards,Louise Massey and Her Westerners,,,,,,,
THE ADVENTURES OF SALLY IN HOLLYWOOD LAND,Norma Jean Nilsson, Theodore Von Eltz,Billy Fletcher,June Foray,Sarah Brenner,Herb Lytton,,,
THE SIGNAL CARNIVAL,Jack Carson,Vera Vague,Kay St. Germain,,,,,,
SATURDAY NIGHT SERENADE,Jessica Dragonette,,,,,,,,
STOOPNAGLE AND BUDD,F. Chase Taylor,Budd Hulick,,,,,,,
THE ADVENTURES OF THE SCARLET CLOAK,Wendell Niles,,,,,,,,
SECRET AGENT K-7 RETURNS,Walter Pidgeon,,,,,,,,
SILENT MEN,Douglas Fairbanks Jr.,,,,,,,,
SNOW VILLAGE SKETCHES,Arthur Allen, Parker Finnley,,,,,,,
SON OF PORTHOS,Sheila Sewell,Lynne Murphy,Jack Raine,Diana Perryman,,,,,
SINGING IN THE MORNING,Danny O'Neal,,,,,,,,
SAN FRANCISCO FINAL,Jeff Chandler,,,,,,,,
SOMETHING FOR THE FAMILY,Joan Barton,,,,,,,,
SHAFFER PARADE,Eddy Howard Orchestra,,,,,,,,
STARS IN THE SPOTLIGHT,Harold Collins,,,,,,,,
SAUNDERS OF THE CIRCLE X,John Cuthbertson,,,,,,,,
STAGE CAREER,Elaine Barrie Barrymore,,,,,,,,
TALES OF THE TEXAS RANGERS,Joel McCrea,,,,,,,,
TOP SECRET,Iona Massey,,,,,,,,
TIME FOR LOVE,Robert Readick,,,,,,,,
THIS IS YOUR FBI,Stacy Harris,,,,,,,,
TARZAN,Lamont Johnson,,,,,,,,
21ST PRECINCT,Les Damon,Ken Lynch,Harold Stone,,,,,,
THE TEX AND JINX SHOW,Tex McCrary,Jinx Falkenburg,,,,,,,
THE TOM MIX RALSTON STRAIGHTSHOOTERS,"Joe ""Curley"" Bradley",,,,,,,,
TEN-TWO-FOUR RANCH,Dick Foran,Martha Mears,The Sons of the Pioneers,,,,,,
TEXACO STAR THEATER,Frances Langford,Irene Ryan,Kenny Baker,,,,,,
THAT’S RICH,STAN FREBERG,PATTI CHAPMAN,,,,,,,
T-MAN,Dennis O'Keefe,,,,,,,,
THAT HAMMER GUY,Larry Haines,,,,,,,,
TIME OUT WITH ALLEN PRESCOTT,Allen Prescott,,,,,,,,
THIS FABULOUS WORLD,Herb Butterfield,,,,,,,,
TOO MANY COOKS,Hal March,Mary Jane Croft,,,,,,,
TUNE TIME,Vera Massey,Charlie Jordan,,,,,,,
TENNESSEE PARTY TIME,Winston County Pea Pickers,,,,,,,,
THAT BREWSTER BOY,Eddie Firestone Jr.,,,,,,,,
THE THREE SUNS SHOW,Artie Dunn,Al Nevins,Morty Nevins,,,,,,
THREE PAIRS AND AN ACE,Merle Travis,,,,,,,,
TIME OUT FOR COMMENT,Howard Rieder,,,,,,,,
TROMMER’S TROOPERS,Lou Holtz,Ted Husing,Kay Thompson,,,,,,
THREE OF A KIND,Stars Hanley Stafford,Ilka Chase,Bert Lahr,,,,,,
UNCLE JUDGE BEN,Forrest Lewis,Peggy Webber,William Green,,,,,,
THE VOYAGE OF THE SCARLET QUEEN,Elliot Lewis,,,,,,,,
VERNON CRANE’S STORYBOOK,Vernon Crane,,,,,,,,
VIOLENCE,Harry Bartell,,,,,,,,
VARIATIONS BY VAN CLEAVE,Nathan Van Cleave,,,,,,,,
VICTOR BORGE SHOW,Victor Borge,Benny Goodman and His Orchestra,,,,,,,
THE WHISPERER,Carlton Young,,,,,,,,
WILD BILL HICKOK,Guy Madison,Andy Devine,Ralph Moody,Howard McNear,Charlie Lung,Paul Frees,Will Wright,Barney Phillips,
WITCH’S TALE,Miriam Wolfe,,,,,,,,
WAYSIDE THEATRE,Olan Soule,Patricia Dunlap,,,,,,,
WHITE FIRES OF INSPIRATION,Lurene Tuttle,Ted Osborn,,,,,,,
TALES OF WILLIE PIPER,Billy Redfield,Ruth Gilbert,,,,,,,
WAKE-UP RANCH,Clifie Stone,,,,,,,,
WOMEN’S PRISON,Ethel Wilson,,,,,,,,
THE WOODY WOODPECKER SHOW,Mel Blanc,,,,,,,,
WE ARE ALWAYS YOUNG,William Janney,Pert Kelton,Joseph Granby,Joe Laurie Jr.,,,,,
WHAT’S THE MATTER WITH FATHER,Ken Niles,Bob Bentz,Jane Morgan,,,,,,
YOUR RADIO ALMANAC,Agnes Moorehead,Hans Conreid,John McIntire,Walter Tetley,John Brown,,,,
YOUR STORY PARADE,John Arlen,,,,,,,,
YOU ARE THE JURY,Jay Jostyn,,,,,,,,
YOUNG LOVE,Jimmy Lydon,Janet Waldo,John Houston,Jerry Housner,,,,,
YOUR HIT PARADE,Frank Sinatra,,,,,,,,
YOUR DAYTIME RADIO NEWSPAPER,Bernadine Flynn,Druwood Kirby,,,,,,,
YOUR QUARTER HOUR SERENADE,Berry McKinnly,John Garth,,,,,,,
YAWN PATROL,Johnny Grant,,,,,,,,
THE ZANE GREY SHOW,Don MacLaughlin,,,,,,,,